url,target,id
https://www.instagram.com/p/DBCG0IUt3bk/,0,DBCG0IUt3bk
https://www.instagram.com/p/CxiMv4oNYXd/,0,CxiMv4oNYXd
https://www.instagram.com/p/CseFILAIhjK/,0,CseFILAIhjK
https://www.instagram.com/p/DEw0E4At4YL/,0,DEw0E4At4YL
https://www.instagram.com/p/DEnz7J7tqka/,0,DEnz7J7tqka
https://www.instagram.com/p/DEf9P5ItMDt/,0,DEf9P5ItMDt
https://www.instagram.com/p/DEdpRIENvRj/,0,DEdpRIENvRj
https://www.instagram.com/p/DEX9OP-NQp8/,0,DEX9OP-NQp8
https://www.instagram.com/p/DEVaqoht14j/,0,DEVaqoht14j
https://www.instagram.com/p/DD-gXnQtm_S/,0,DD-gXnQtm_S
https://www.instagram.com/p/DDckDjtN-ds/,0,DDckDjtN-ds
https://www.instagram.com/p/DDVXrsGNxDR/,0,DDVXrsGNxDR
https://www.instagram.com/p/DDNHla4NFuB/,0,DDNHla4NFuB
https://www.instagram.com/p/DDKcSmqN1jk/,0,DDKcSmqN1jk
https://www.instagram.com/p/DC9zne7Nf9u/,0,DC9zne7Nf9u
https://www.instagram.com/p/DC5P6Ldo89H/,0,DC5P6Ldo89H
https://www.instagram.com/p/DC4NqerNZ9L/,0,DC4NqerNZ9L
https://www.instagram.com/p/DCzaaiFt_c9/,0,DCzaaiFt_c9
https://www.instagram.com/p/DCuVUU7t5rI/,0,DCuVUU7t5rI
https://www.instagram.com/p/DBwzY0bNCGP/,0,DBwzY0bNCGP
https://www.instagram.com/p/DBb1bJvtajG/,0,DBb1bJvtajG
https://www.instagram.com/p/DBWXC0WNlgC/,0,DBWXC0WNlgC
https://www.instagram.com/p/DBMq168NK1a/,0,DBMq168NK1a
https://www.instagram.com/p/DBEkPM2tumz/,0,DBEkPM2tumz
https://www.instagram.com/p/DAD_d6nP1hd/,0,DAD_d6nP1hd
https://www.instagram.com/p/C__M3JyyzcG/,0,C__M3JyyzcG
https://www.instagram.com/p/C_6LgbISExA/,0,C_6LgbISExA
https://www.instagram.com/p/C_tI8ZjvpP3/,0,C_tI8ZjvpP3
https://www.instagram.com/p/C_qWnFTvDns/,0,C_qWnFTvDns
https://www.instagram.com/p/C_lQvWTPFh_/,0,C_lQvWTPFh_
https://www.instagram.com/p/C_jWqcLSvDS/,0,C_jWqcLSvDS
https://www.instagram.com/p/C-NFYs9tfou/,0,C-NFYs9tfou
https://www.instagram.com/p/C-DVUBltL76/,0,C-DVUBltL76
https://www.instagram.com/p/C9p4zgMtrFF/,0,C9p4zgMtrFF
https://www.instagram.com/p/C9nHKyDN5Ou/,0,C9nHKyDN5Ou
https://www.instagram.com/p/C9kLak6t25g/,0,C9kLak6t25g
https://www.instagram.com/p/C9ZbaWatfTP/,0,C9ZbaWatfTP
https://www.instagram.com/p/C9YLOn_Naf5/,0,C9YLOn_Naf5
https://www.instagram.com/p/C9PW9a2tcTt/,0,C9PW9a2tcTt
https://www.instagram.com/p/C9KnkNjtyab/,0,C9KnkNjtyab
https://www.instagram.com/p/C9IbdRVtV3r/,0,C9IbdRVtV3r
https://www.instagram.com/p/C8-edsVtgLX/,0,C8-edsVtgLX
https://www.instagram.com/p/C8dO35DNwfb/,0,C8dO35DNwfb
https://www.instagram.com/p/C30qhYcNtXQ/,0,C30qhYcNtXQ
https://www.instagram.com/p/C3yVrVbNnON/,0,C3yVrVbNnON
https://www.instagram.com/p/C0hF19Ttp3T/,0,C0hF19Ttp3T
https://www.instagram.com/p/CzuFYLztZO6/,0,CzuFYLztZO6
https://www.instagram.com/p/CzKUBZEtumt/,0,CzKUBZEtumt
https://www.instagram.com/p/Cy1r5bVtL5v/,0,Cy1r5bVtL5v
https://www.instagram.com/p/CyrbPXzNNxN/,0,CyrbPXzNNxN
https://www.instagram.com/p/CyjvGXsNPJ0/,0,CyjvGXsNPJ0
https://www.instagram.com/p/CybtfG9tUGS/,0,CybtfG9tUGS
https://www.instagram.com/p/CyUHI3NtIji/,0,CyUHI3NtIji
https://www.instagram.com/p/CyQhJUktMb1/,0,CyQhJUktMb1
https://www.instagram.com/p/CyJE2JRNbfo/,0,CyJE2JRNbfo
https://www.instagram.com/p/CyGaU-EtXA9/,0,CyGaU-EtXA9
https://www.instagram.com/p/Cx_BNA1tLs6/,0,Cx_BNA1tLs6
https://www.instagram.com/p/CxbMWL2N_ZM/,0,CxbMWL2N_ZM
https://www.instagram.com/p/CxTcjWEtB_k/,0,CxTcjWEtB_k
https://www.instagram.com/p/CxLmL-FtsTX/,0,CxLmL-FtsTX
https://www.instagram.com/p/Cw5dOOiNgTt/,0,Cw5dOOiNgTt
https://www.instagram.com/p/Cw3JQRZNBCO/,0,Cw3JQRZNBCO
https://www.instagram.com/p/CwsVKTcN6i9/,0,CwsVKTcN6i9
https://www.instagram.com/p/CwqKXVON3Sq/,0,CwqKXVON3Sq
https://www.instagram.com/p/CwlCyIetggC/,0,CwlCyIetggC
https://www.instagram.com/p/CwakueoNmax/,0,CwakueoNmax
https://www.instagram.com/p/CwNsTTMt7aM/,0,CwNsTTMt7aM
https://www.instagram.com/p/CwLZqLjNhih/,0,CwLZqLjNhih
https://www.instagram.com/p/CwDcMhbNdTw/,0,CwDcMhbNdTw
https://www.instagram.com/p/CwDM5NINYnK/,0,CwDM5NINYnK
https://www.instagram.com/p/CwAQUQvsx5v/,0,CwAQUQvsx5v
https://www.instagram.com/p/Cv7UNs5R-hQ/,0,Cv7UNs5R-hQ
https://www.instagram.com/p/Cv3Dfq4OREE/,0,Cv3Dfq4OREE
https://www.instagram.com/p/Cvx_FK6taXw/,0,Cvx_FK6taXw
https://www.instagram.com/p/CvrlG_XMoI-/,0,CvrlG_XMoI-
https://www.instagram.com/p/CvnBOWvrvmm/,0,CvnBOWvrvmm
https://www.instagram.com/p/Cvkwl4RvaoG/,0,Cvkwl4RvaoG
https://www.instagram.com/p/Cvh3qg3M5XN/,0,Cvh3qg3M5XN
https://www.instagram.com/p/Cvf2CIAvPt2/,0,Cvf2CIAvPt2
https://www.instagram.com/p/CvczNpNuXRv/,0,CvczNpNuXRv
https://www.instagram.com/p/CvaGwJsOTbY/,0,CvaGwJsOTbY
https://www.instagram.com/p/CvX61HkMAFc/,0,CvX61HkMAFc
https://www.instagram.com/p/CvGIHOop3Cv/,0,CvGIHOop3Cv
https://www.instagram.com/p/CvDhRaqtm2K/,0,CvDhRaqtm2K
https://www.instagram.com/p/CvA6WYuxWs_/,0,CvA6WYuxWs_
https://www.instagram.com/p/CvAKZIDv_us/,0,CvAKZIDv_us
https://www.instagram.com/p/Cu2JM0lrE-T/,0,Cu2JM0lrE-T
https://www.instagram.com/p/Cu0BgFNOc3K/,0,Cu0BgFNOc3K
https://www.instagram.com/p/Cuw_5ZXN2Kg/,0,Cuw_5ZXN2Kg
https://www.instagram.com/p/Cur3CuPp53r/,0,Cur3CuPp53r
https://www.instagram.com/p/CupWAXIgbIl/,0,CupWAXIgbIl
https://www.instagram.com/p/CuknHF3RK10/,0,CuknHF3RK10
https://www.instagram.com/p/Cuc1xnpNlKQ/,0,Cuc1xnpNlKQ
https://www.instagram.com/p/CucqIr3Nax_/,0,CucqIr3Nax_
https://www.instagram.com/p/CuZOthmLcp0/,0,CuZOthmLcp0
https://www.instagram.com/p/CuUv463OVoU/,0,CuUv463OVoU
https://www.instagram.com/p/CuPX6EmJ2zD/,0,CuPX6EmJ2zD
https://www.instagram.com/p/CuISeICgsSP/,0,CuISeICgsSP
https://www.instagram.com/p/CuHXySOMH__/,0,CuHXySOMH__
https://www.instagram.com/p/CuAPUI9tgGx/,0,CuAPUI9tgGx
https://www.instagram.com/p/Ct-CfVFtv24/,0,Ct-CfVFtv24
https://www.instagram.com/p/Ct6_4SAsOus/,0,Ct6_4SAsOus
https://www.instagram.com/p/Ct6ThC7LfMi/,0,Ct6ThC7LfMi
https://www.instagram.com/p/Ct1dslzLwGO/,0,Ct1dslzLwGO
https://www.instagram.com/p/CtxE5NyswfY/,0,CtxE5NyswfY
https://www.instagram.com/p/Ctcp97FpGVP/,0,Ctcp97FpGVP
https://www.instagram.com/p/CtMXnlBASfY/,0,CtMXnlBASfY
https://www.instagram.com/p/CtMXnlBASfY/,0,CtMXnlBASfY
https://www.instagram.com/p/CtH-eNQACLC/,0,CtH-eNQACLC
https://www.instagram.com/p/Cs3hVw3vmWf/,0,Cs3hVw3vmWf
https://www.instagram.com/p/Cs12S0uOnhS/,0,Cs12S0uOnhS
https://www.instagram.com/p/Csx52G_rg3e/,0,Csx52G_rg3e
https://www.instagram.com/p/CswuFe1L9RM/,0,CswuFe1L9RM
https://www.instagram.com/p/CsagE6xMYbX/,0,CsagE6xMYbX
https://www.instagram.com/p/CsXDBuGo7Jr/,0,CsXDBuGo7Jr
https://www.instagram.com/p/DEvSBCFt4Wu/,0,DEvSBCFt4Wu
https://www.instagram.com/p/DEvD7m2NmVm/,0,DEvD7m2NmVm
https://www.instagram.com/p/DEsxK--tox2/,0,DEsxK--tox2
https://www.instagram.com/p/DEshsxitxdh/,0,DEshsxitxdh
https://www.instagram.com/p/DEqQkkYtWwb/,0,DEqQkkYtWwb
https://www.instagram.com/p/DEp1_kXNe-r/,0,DEp1_kXNe-r
https://www.instagram.com/p/DEnplX0N_5M/,0,DEnplX0N_5M
https://www.instagram.com/p/DEnb8BwtOH9/,0,DEnb8BwtOH9
https://www.instagram.com/p/DEk6dXnNxzy/,0,DEk6dXnNxzy
https://www.instagram.com/p/DEkrnFstycG/,0,DEkrnFstycG
https://www.instagram.com/p/DEiBb6st0z0/,0,DEiBb6st0z0
https://www.instagram.com/p/DEhvOZpNJRK/,0,DEhvOZpNJRK
https://www.instagram.com/p/DEfoT0vtWJs/,0,DEfoT0vtWJs
https://www.instagram.com/p/DEfbmzxt1TA/,0,DEfbmzxt1TA
https://www.instagram.com/p/DEdORyvtI9M/,0,DEdORyvtI9M
https://www.instagram.com/p/DEdDlDXtUr0/,0,DEdDlDXtUr0
https://www.instagram.com/p/DEc4ilqNaBJ/,0,DEc4ilqNaBJ
https://www.instagram.com/p/DEazQUTtIvm/,0,DEazQUTtIvm
https://www.instagram.com/p/DEadDKtt1ut/,0,DEadDKtt1ut
https://www.instagram.com/p/DEYK2ErNHmV/,0,DEYK2ErNHmV
https://www.instagram.com/p/DEYANeOtFZM/,0,DEYANeOtFZM
https://www.instagram.com/p/DEX2MSqtRee/,0,DEX2MSqtRee
https://www.instagram.com/p/DEVZPlkNxB3/,0,DEVZPlkNxB3
https://www.instagram.com/p/DEVQL9OtN5x/,0,DEVQL9OtN5x
https://www.instagram.com/p/DES4tfmtj2a/,0,DES4tfmtj2a
https://www.instagram.com/p/DESo7ByNZ5h/,0,DESo7ByNZ5h
https://www.instagram.com/p/DESWAx_t9hJ/,0,DESWAx_t9hJ
https://www.instagram.com/p/DEQd0zktxfv/,0,DEQd0zktxfv
https://www.instagram.com/p/DEQUJV1NSvn/,0,DEQUJV1NSvn
https://www.instagram.com/p/DEQJy5-tm2v/,0,DEQJy5-tm2v
https://www.instagram.com/p/DEP3BuztxjJ/,0,DEP3BuztxjJ
https://www.instagram.com/p/DENkOs8tsug/,0,DENkOs8tsug
https://www.instagram.com/p/DENQYC-tS6T/,0,DENQYC-tS6T
https://www.instagram.com/p/DELIpWZN3tU/,0,DELIpWZN3tU
https://www.instagram.com/p/DEIrFa_tuBY/,0,DEIrFa_tuBY
https://www.instagram.com/p/DEIkPxKtW3I/,0,DEIkPxKtW3I
https://www.instagram.com/p/DEF4cNftLNQ/,0,DEF4cNftLNQ
https://www.instagram.com/p/DEFw8FRte03/,0,DEFw8FRte03
https://www.instagram.com/p/DEFqSjEN_uD/,0,DEFqSjEN_uD
https://www.instagram.com/p/DEDYoGCNYui/,0,DEDYoGCNYui
https://www.instagram.com/p/DEDRUQQtYCK/,0,DEDRUQQtYCK
https://www.instagram.com/p/DEDINYFNqab/,0,DEDINYFNqab
https://www.instagram.com/p/DEA8of-NF9P/,0,DEA8of-NF9P
https://www.instagram.com/p/DEAx8sUNxB5/,0,DEAx8sUNxB5
https://www.instagram.com/p/DEApm5PtpGE/,0,DEApm5PtpGE
https://www.instagram.com/p/DD-DgjMNCYh/,0,DD-DgjMNCYh
https://www.instagram.com/p/DD93avmNCjr/,0,DD93avmNCjr
https://www.instagram.com/p/DD7p-h9NuE0/,0,DD7p-h9NuE0
https://www.instagram.com/p/DD7iT1ENYiI/,0,DD7iT1ENYiI
https://www.instagram.com/p/DD7bmV5Nt7j/,0,DD7bmV5Nt7j
https://www.instagram.com/p/DD5KFqvtMgi/,0,DD5KFqvtMgi
https://www.instagram.com/p/DD4uliiuZ83/,0,DD4uliiuZ83
https://www.instagram.com/p/DD2oTQ0t0m_/,0,DD2oTQ0t0m_
https://www.instagram.com/p/DD2Sbo-NqAm/,0,DD2Sbo-NqAm
https://www.instagram.com/p/DD2EzLmt6s1/,0,DD2EzLmt6s1
https://www.instagram.com/p/DDzqPDnNvGd/,0,DDzqPDnNvGd
https://www.instagram.com/p/DDzhvZJNwn1/,0,DDzhvZJNwn1
https://www.instagram.com/p/DDxbqKLNI6n/,0,DDxbqKLNI6n
https://www.instagram.com/p/DDxDHHiNHwZ/,0,DDxDHHiNHwZ
https://www.instagram.com/p/DDulha-t85Y/,0,DDulha-t85Y
https://www.instagram.com/p/DDuZfKHtR6K/,0,DDuZfKHtR6K
https://www.instagram.com/p/DDsCPm4NXGa/,0,DDsCPm4NXGa
https://www.instagram.com/p/DDr6IjItZdT/,0,DDr6IjItZdT
https://www.instagram.com/p/DDp2BMht6JX/,0,DDp2BMht6JX
https://www.instagram.com/p/DDpWc3ct8Mv/,0,DDpWc3ct8Mv
https://www.instagram.com/p/DDnKyFptyV9/,0,DDnKyFptyV9
https://www.instagram.com/p/DDm5Y-YNErk/,0,DDm5Y-YNErk
https://www.instagram.com/p/DDkI4S_NBwM/,0,DDkI4S_NBwM
https://www.instagram.com/p/DDiQ1ATtIHu/,0,DDiQ1ATtIHu
https://www.instagram.com/p/DDfka8nN8N8/,0,DDfka8nN8N8
https://www.instagram.com/p/DDfHaC4tE4i/,0,DDfHaC4tE4i
https://www.instagram.com/p/DDdCHuStvpe/,0,DDdCHuStvpe
https://www.instagram.com/p/DDcb_DWt3_3/,0,DDcb_DWt3_3
https://www.instagram.com/p/DDXgaRCKU8c/,0,DDXgaRCKU8c
https://www.instagram.com/p/DDVKF9_NF9T/,0,DDVKF9_NF9T
https://www.instagram.com/p/DDU0PnUNEl6/,0,DDU0PnUNEl6
https://www.instagram.com/p/DDSYuOGN0Yh/,0,DDSYuOGN0Yh
https://www.instagram.com/p/DDPruQPNC21/,0,DDPruQPNC21
https://www.instagram.com/p/DDNi3G1Ncvs/,0,DDNi3G1Ncvs
https://www.instagram.com/p/DDNLYk9trox/,0,DDNLYk9trox
https://www.instagram.com/p/DDM8_LqNfEB/,0,DDM8_LqNfEB
https://www.instagram.com/p/DDKujVAtty-/,0,DDKujVAtty-
https://www.instagram.com/p/DDKm6lKtSVa/,0,DDKm6lKtSVa
https://www.instagram.com/p/DDKdBxFNXO1/,0,DDKdBxFNXO1
https://www.instagram.com/p/DDIfj0RKrLd/,0,DDIfj0RKrLd
https://www.instagram.com/p/DDIGWbdKGe6/,0,DDIGWbdKGe6
https://www.instagram.com/p/DDH5iPeqSjW/,0,DDH5iPeqSjW
https://www.instagram.com/p/DDF-SKTtMjz/,0,DDF-SKTtMjz
https://www.instagram.com/p/DDFSpTwtgAq/,0,DDFSpTwtgAq
https://www.instagram.com/p/DDCk5qHNP2j/,0,DDCk5qHNP2j
https://www.instagram.com/p/DDAC_kjNKAQ/,0,DDAC_kjNKAQ
https://www.instagram.com/p/DC9v6u7tjvW/,0,DC9v6u7tjvW
https://www.instagram.com/p/DC9jT6ztHoU/,0,DC9jT6ztHoU
https://www.instagram.com/p/DC7gLRSNRY1/,0,DC7gLRSNRY1
https://www.instagram.com/p/DC7LEMht9-S/,0,DC7LEMht9-S
https://www.instagram.com/p/DC7Ae7Ct6nC/,0,DC7Ae7Ct6nC
https://www.instagram.com/p/DC4_vkgN8hf/,0,DC4_vkgN8hf
https://www.instagram.com/p/DC4qUe_NQxd/,0,DC4qUe_NQxd
https://www.instagram.com/p/DC2smJJomnp/,0,DC2smJJomnp
https://www.instagram.com/p/DC1zEP-NL9G/,0,DC1zEP-NL9G
https://www.instagram.com/p/DCz0aktt4mh/,0,DCz0aktt4mh
https://www.instagram.com/p/DCzerhaNUea/,0,DCzerhaNUea
https://www.instagram.com/p/DCuhqqwtinH/,0,DCuhqqwtinH
https://www.instagram.com/p/DCrY6hDNwWh/,0,DCrY6hDNwWh
https://www.instagram.com/p/DCpgjRdNKLp/,0,DCpgjRdNKLp
https://www.instagram.com/p/DCpPgP-tzr1/,0,DCpPgP-tzr1
https://www.instagram.com/p/DCm6AItNa-_/,0,DCm6AItNa-_
https://www.instagram.com/p/DCmuMOBNsxQ/,0,DCmuMOBNsxQ
https://www.instagram.com/p/DCmftjctjFD/,0,DCmftjctjFD
https://www.instagram.com/p/DCkZyYlNsGA/,0,DCkZyYlNsGA
https://www.instagram.com/p/DCkJtRvtowZ/,0,DCkJtRvtowZ
https://www.instagram.com/p/DCj1z0-NoBA/,0,DCj1z0-NoBA
https://www.instagram.com/p/DCe6OXtN4vB/,0,DCe6OXtN4vB
https://www.instagram.com/p/DCXPnSatUEb/,0,DCXPnSatUEb
https://www.instagram.com/p/DCUlMjZNdry/,0,DCUlMjZNdry
https://www.instagram.com/p/DCUabVetnjr/,0,DCUabVetnjr
https://www.instagram.com/p/DCR-IA4tlvN/,0,DCR-IA4tlvN
https://www.instagram.com/p/DCRt395tdMW/,0,DCRt395tdMW
https://www.instagram.com/p/DCKBVAytru_/,0,DCKBVAytru_
https://www.instagram.com/p/DCHoYekt-v0/,0,DCHoYekt-v0
https://www.instagram.com/p/DCE8uL_N-HD/,0,DCE8uL_N-HD
https://www.instagram.com/p/DCEzOPEttKx/,0,DCEzOPEttKx
https://www.instagram.com/p/DCChN9utiHA/,0,DCChN9utiHA
https://www.instagram.com/p/DCCUkOStgBU/,0,DCCUkOStgBU
https://www.instagram.com/p/DB_9jULN9K5/,0,DB_9jULN9K5
https://www.instagram.com/p/DB9Pa17t0ll/,0,DB9Pa17t0ll
https://www.instagram.com/p/DB7KbWgt4wy/,0,DB7KbWgt4wy
https://www.instagram.com/p/DB4a9MitTyI/,0,DB4a9MitTyI
https://www.instagram.com/p/DB4VT9aNP8y/,0,DB4VT9aNP8y
https://www.instagram.com/p/DB3_Fjst8_j/,0,DB3_Fjst8_j
https://www.instagram.com/p/DB1hZOpN1Ax/,0,DB1hZOpN1Ax
https://www.instagram.com/p/DBzFdE-N7DE/,0,DBzFdE-N7DE
https://www.instagram.com/p/DBy_AnQtuL9/,0,DBy_AnQtuL9
https://www.instagram.com/p/DBwluRJtIkJ/,0,DBwluRJtIkJ
https://www.instagram.com/p/DBwdWwZtHpP/,0,DBwdWwZtHpP
https://www.instagram.com/p/DBwXubmtvge/,0,DBwXubmtvge
https://www.instagram.com/p/DBuOyITuM9R/,0,DBuOyITuM9R
https://www.instagram.com/p/DBt9ScIN6Pm/,0,DBt9ScIN6Pm
https://www.instagram.com/p/DBtugS1NTyP/,0,DBtugS1NTyP
https://www.instagram.com/p/DBoyyJ5tgNv/,0,DBoyyJ5tgNv
https://www.instagram.com/p/DBoq0tqtp1J/,0,DBoq0tqtp1J
https://www.instagram.com/p/DBj4t-ntMs2/,0,DBj4t-ntMs2
https://www.instagram.com/p/DBjkUhVtjcg/,0,DBjkUhVtjcg
https://www.instagram.com/p/DBg4WFIN7Dz/,0,DBg4WFIN7Dz
https://www.instagram.com/p/DBequkLtgq4/,0,DBequkLtgq4
https://www.instagram.com/p/DBZh0ZqtvGb/,0,DBZh0ZqtvGb
https://www.instagram.com/p/DBZQz_-tZ7B/,0,DBZQz_-tZ7B
https://www.instagram.com/p/DBZEcPvNS3E/,0,DBZEcPvNS3E
https://www.instagram.com/p/DBT_9emNG-S/,0,DBT_9emNG-S
https://www.instagram.com/p/DBRiKootlbN/,0,DBRiKootlbN
https://www.instagram.com/p/DBKDkGyt0O2/,0,DBKDkGyt0O2
https://www.instagram.com/p/DBJocerNz0i/,0,DBJocerNz0i
https://www.instagram.com/p/DBJw_futCJd/,0,DBJw_futCJd
https://www.instagram.com/p/DBHh1T6NUBq/,0,DBHh1T6NUBq
https://www.instagram.com/p/DBHGR43N_Bg/,0,DBHGR43N_Bg
https://www.instagram.com/p/DBE5pbetm5D/,0,DBE5pbetm5D
https://www.instagram.com/p/DBEy3fBtNnm/,0,DBEy3fBtNnm
https://www.instagram.com/p/DBCBHadNAM2/,0,DBCBHadNAM2
https://www.instagram.com/p/DBB2qTpNbxw/,0,DBB2qTpNbxw
https://www.instagram.com/p/DA_Uq06tmCt/,0,DA_Uq06tmCt
https://www.instagram.com/p/DA9M8d5Nyun/,0,DA9M8d5Nyun
https://www.instagram.com/p/DA89C-At1E7/,0,DA89C-At1E7
https://www.instagram.com/p/DA81CFytkkc/,0,DA81CFytkkc
https://www.instagram.com/p/DA6mTvit_Jf/,0,DA6mTvit_Jf
https://www.instagram.com/p/DA6TdSvt_Zs/,0,DA6TdSvt_Zs
https://www.instagram.com/p/DA6Ld8oNMU_/,0,DA6Ld8oNMU_
https://www.instagram.com/p/DA1Z5gBNx0e/,0,DA1Z5gBNx0e
https://www.instagram.com/p/DA1PjPeNXum/,0,DA1PjPeNXum
https://www.instagram.com/p/DAy43-vtvHr/,0,DAy43-vtvHr
https://www.instagram.com/p/DAynHTSNUgS/,0,DAynHTSNUgS
https://www.instagram.com/p/DAye__hN8U5/,0,DAye__hN8U5
https://www.instagram.com/p/DAwVpn-N5Cj/,0,DAwVpn-N5Cj
https://www.instagram.com/p/DAwErZytl3y/,0,DAwErZytl3y
https://www.instagram.com/p/DAv-YxINPO3/,0,DAv-YxINPO3
https://www.instagram.com/p/DAvzJEgO6q4/,0,DAvzJEgO6q4
https://www.instagram.com/p/DAtsUnwtTb-/,0,DAtsUnwtTb-
https://www.instagram.com/p/DAtZnJINniY/,0,DAtZnJINniY
https://www.instagram.com/p/DAq3EzRtJ7d/,0,DAq3EzRtJ7d
https://www.instagram.com/p/DAoXw4ctP7D/,0,DAoXw4ctP7D
https://www.instagram.com/p/DAd5qEiNqit/,0,DAd5qEiNqit
https://www.instagram.com/p/DAb1Wo6Os4c/,0,DAb1Wo6Os4c
https://www.instagram.com/p/DAbKkwgNSFj/,0,DAbKkwgNSFj
https://www.instagram.com/p/DAY2epctVo6/,0,DAY2epctVo6
https://www.instagram.com/p/DAWHtaWNrKY/,0,DAWHtaWNrKY
https://www.instagram.com/p/DAT7sXit3Dx/,0,DAT7sXit3Dx
https://www.instagram.com/p/DATtiAUtarb/,0,DATtiAUtarb
https://www.instagram.com/p/DATnInFNwiD/,0,DATnInFNwiD
https://www.instagram.com/p/DARKITdtV8U/,0,DARKITdtV8U
https://www.instagram.com/p/DARECNXNOtC/,0,DARECNXNOtC
https://www.instagram.com/p/DAQ9CfztXED/,0,DAQ9CfztXED
https://www.instagram.com/p/DAOn2LftZav/,0,DAOn2LftZav
https://www.instagram.com/p/DAMG0flNPwZ/,0,DAMG0flNPwZ
https://www.instagram.com/p/DAL8IwItNIp/,0,DAL8IwItNIp
https://www.instagram.com/p/DAJN1LvtUKK/,0,DAJN1LvtUKK
https://www.instagram.com/p/DAJHt4AtiuT/,0,DAJHt4AtiuT
https://www.instagram.com/p/DAGwaF0NxGh/,0,DAGwaF0NxGh
https://www.instagram.com/p/DAETCDYNoWQ/,0,DAETCDYNoWQ
https://www.instagram.com/p/DAEJvmnN6Da/,0,DAEJvmnN6Da
https://www.instagram.com/p/DAEBxajtZGJ/,0,DAEBxajtZGJ
https://www.instagram.com/p/DABtaVlN4bu/,0,DABtaVlN4bu
https://www.instagram.com/p/DABkUFVt54l/,0,DABkUFVt54l
https://www.instagram.com/p/C__O7gItWWh/,0,C__O7gItWWh
https://www.instagram.com/p/C__H3KItBEd/,0,C__H3KItBEd
https://www.instagram.com/p/C_8vFdjNVOj/,0,C_8vFdjNVOj
https://www.instagram.com/p/C_8j8thNBsx/,0,C_8j8thNBsx
https://www.instagram.com/p/C_3iA8lNdiV/,0,C_3iA8lNdiV
https://www.instagram.com/p/C_1GEQxN-J6/,0,C_1GEQxN-J6
https://www.instagram.com/p/C_yNZ8KNLKb/,0,C_yNZ8KNLKb
https://www.instagram.com/p/C_vr3EkNony/,0,C_vr3EkNony
https://www.instagram.com/p/C_vk7iCNFT8/,0,C_vk7iCNFT8
https://www.instagram.com/p/C_vaLORt-Ja/,0,C_vaLORt-Ja
https://www.instagram.com/p/C_oXJGHy6Ju/,0,C_oXJGHy6Ju
https://www.instagram.com/p/C_oOkNlNBZ8/,0,C_oOkNlNBZ8
https://www.instagram.com/p/C_oIX4zt-oJ/,0,C_oIX4zt-oJ
https://www.instagram.com/p/C_oBRLWNcvn/,0,C_oBRLWNcvn
https://www.instagram.com/p/C_ix8JDtlAQ/,0,C_ix8JDtlAQ
https://www.instagram.com/p/C_gSpvktQqW/,0,C_gSpvktQqW
https://www.instagram.com/p/C_gGz-9N3Nc/,0,C_gGz-9N3Nc
https://www.instagram.com/p/C_do7itqa_R/,0,C_do7itqa_R
https://www.instagram.com/p/C_dg1bJq239/,0,C_dg1bJq239
https://www.instagram.com/p/C_bCfhItkI9/,0,C_bCfhItkI9
https://www.instagram.com/p/C_at7OwtZmN/,0,C_at7OwtZmN
https://www.instagram.com/p/C_YTOqANm51/,0,C_YTOqANm51
https://www.instagram.com/p/C_V_fl8NhBa/,0,C_V_fl8NhBa
https://www.instagram.com/p/C_VyJwSthWn/,0,C_VyJwSthWn
https://www.instagram.com/p/C_Vt2PeOmlq/,0,C_Vt2PeOmlq
https://www.instagram.com/p/C_TYvsQt2IF/,0,C_TYvsQt2IF
https://www.instagram.com/p/C_TFZ_xt-5d/,0,C_TFZ_xt-5d
https://www.instagram.com/p/C_QoNeAOvWO/,0,C_QoNeAOvWO
https://www.instagram.com/p/C_OUXaPtR0b/,0,C_OUXaPtR0b
https://www.instagram.com/p/C_OJ2RntVjt/,0,C_OJ2RntVjt
https://www.instagram.com/p/C_OD2l-tGP1/,0,C_OD2l-tGP1
https://www.instagram.com/p/C_N3fxAt6Vl/,0,C_N3fxAt6Vl
https://www.instagram.com/p/C_LkGx6NgQI/,0,C_LkGx6NgQI
https://www.instagram.com/p/C_Lfs-CtqKU/,0,C_Lfs-CtqKU
https://www.instagram.com/p/C_I5pkkt_J-/,0,C_I5pkkt_J-
https://www.instagram.com/p/C_EOZ0nt-P5/,0,C_EOZ0nt-P5
https://www.instagram.com/p/C_EIS2sNxUV/,0,C_EIS2sNxUV
https://www.instagram.com/p/C_D_kvdNRWo/,0,C_D_kvdNRWo
https://www.instagram.com/p/C_BMLNotwRd/,0,C_BMLNotwRd
https://www.instagram.com/p/C--6pRxtl7F/,0,C--6pRxtl7F
https://www.instagram.com/p/C--wDhjNbX6/,0,C--wDhjNbX6
https://www.instagram.com/p/C-8gVqSNAQY/,0,C-8gVqSNAQY
https://www.instagram.com/p/C-8JThGNZRz/,0,C-8JThGNZRz
https://www.instagram.com/p/C-8ApcetZHg/,0,C-8ApcetZHg
https://www.instagram.com/p/C-5wKPqNTDH/,0,C-5wKPqNTDH
https://www.instagram.com/p/C-5nmz0NfOb/,0,C-5nmz0NfOb
https://www.instagram.com/p/C-5fqw_tDIq/,0,C-5fqw_tDIq
https://www.instagram.com/p/C-3LI7Vt9z7/,0,C-3LI7Vt9z7
https://www.instagram.com/p/C-3CdaNtjWl/,0,C-3CdaNtjWl
https://www.instagram.com/p/C-0twSRN9ff/,0,C-0twSRN9ff
https://www.instagram.com/p/C-vI47wtG1B/,0,C-vI47wtG1B
https://www.instagram.com/p/C-sxBC9NJ3r/,0,C-sxBC9NJ3r
https://www.instagram.com/p/C-qEJ4ANbAt/,0,C-qEJ4ANbAt
https://www.instagram.com/p/C-p4yLTtiOh/,0,C-p4yLTtiOh
https://www.instagram.com/p/C-nfVh-NpBm/,0,C-nfVh-NpBm
https://www.instagram.com/p/C-iZBdiNyoE/,0,C-iZBdiNyoE
https://www.instagram.com/p/C-S92PONfS-/,0,C-S92PONfS-
https://www.instagram.com/p/C-OECRENQ1k/,0,C-OECRENQ1k
https://www.instagram.com/p/C-IrQyCt6Oe/,0,C-IrQyCt6Oe
https://www.instagram.com/p/C-GD9jDNx4j/,0,C-GD9jDNx4j
https://www.instagram.com/p/C-BClm0t9ZW/,0,C-BClm0t9ZW
https://www.instagram.com/p/C94-3xstk5P/,0,C94-3xstk5P
https://www.instagram.com/p/C92qwTiK_KK/,0,C92qwTiK_KK
https://www.instagram.com/p/C90Xlt2MNqV/,0,C90Xlt2MNqV
https://www.instagram.com/p/C90F9tcMeuH/,0,C90F9tcMeuH
https://www.instagram.com/p/C9psG5gtz9i/,0,C9psG5gtz9i
https://www.instagram.com/p/C9khH8RtIxr/,0,C9khH8RtIxr
https://www.instagram.com/p/C9iDW3hNW4y/,0,C9iDW3hNW4y
https://www.instagram.com/p/C9fSrZENMpw/,0,C9fSrZENMpw
https://www.instagram.com/p/C9cynmTtIcx/,0,C9cynmTtIcx
https://www.instagram.com/p/C9U-Le8N_B8/,0,C9U-Le8N_B8
https://www.instagram.com/p/C9SlKyctBiL/,0,C9SlKyctBiL
https://www.instagram.com/p/C9Sbw-uNOD7/,0,C9Sbw-uNOD7
https://www.instagram.com/p/C9QKBU_M_Fi/,0,C9QKBU_M_Fi
https://www.instagram.com/p/C9QBCdrtpjj/,0,C9QBCdrtpjj
https://www.instagram.com/p/C9P5Q7DtC5_/,0,C9P5Q7DtC5_
https://www.instagram.com/p/C9NUwpmNQ10/,0,C9NUwpmNQ10
https://www.instagram.com/p/C9LG_JXNDIB/,0,C9LG_JXNDIB
https://www.instagram.com/p/C9IYHV_Nvvf/,0,C9IYHV_Nvvf
https://www.instagram.com/p/C9F4kEtN7K8/,0,C9F4kEtN7K8
https://www.instagram.com/p/C9DHgk2tUex/,0,C9DHgk2tUex
https://www.instagram.com/p/C9DCYNqtMSL/,0,C9DCYNqtMSL
https://www.instagram.com/p/C9AuPXStky7/,0,C9AuPXStky7
https://www.instagram.com/p/C9Abko7Nxnv/,0,C9Abko7Nxnv
https://www.instagram.com/p/C87d_bct9CG/,0,C87d_bct9CG
https://www.instagram.com/p/C82dNJzNq8-/,0,C82dNJzNq8-
https://www.instagram.com/p/C82PQy3NVTQ/,0,C82PQy3NVTQ
https://www.instagram.com/p/C8z4Xm2tddf/,0,C8z4Xm2tddf
https://www.instagram.com/p/C8w_CJgNhMH/,0,C8w_CJgNhMH
https://www.instagram.com/p/C8uuolytCGI/,0,C8uuolytCGI
https://www.instagram.com/p/C8r5efBNjNq/,0,C8r5efBNjNq
https://www.instagram.com/p/C8pY6TwNmSO/,0,C8pY6TwNmSO
https://www.instagram.com/p/C8pIq9WNq4P/,0,C8pIq9WNq4P
https://www.instagram.com/p/C8j22IQtYDa/,0,C8j22IQtYDa
https://www.instagram.com/p/C8hngzfNn5U/,0,C8hngzfNn5U
https://www.instagram.com/p/C8fAUbYtR2G/,0,C8fAUbYtR2G
https://www.instagram.com/p/C8cgd1HNP-l/,0,C8cgd1HNP-l
https://www.instagram.com/p/C8cZnXTt2sm/,0,C8cZnXTt2sm
https://www.instagram.com/p/C8aLoLtt-y-/,0,C8aLoLtt-y-
https://www.instagram.com/p/C8XSjWotU8S/,0,C8XSjWotU8S
https://www.instagram.com/p/C8UrboRt15w/,0,C8UrboRt15w
https://www.instagram.com/p/C8SLelPNF0m/,0,C8SLelPNF0m
https://www.instagram.com/p/C8P2ptAtEOn/,0,C8P2ptAtEOn
https://www.instagram.com/p/C8Pm2mmNwD_/,0,C8Pm2mmNwD_
https://www.instagram.com/p/C8Kin0dNolL/,0,C8Kin0dNolL
https://www.instagram.com/p/C8KeTXRNjzR/,0,C8KeTXRNjzR
https://www.instagram.com/p/C8H-Qa3tk6r/,0,C8H-Qa3tk6r
https://www.instagram.com/p/C8HxHkxtMTI/,0,C8HxHkxtMTI
https://www.instagram.com/p/C8AJgoOt-B3/,0,C8AJgoOt-B3
https://www.instagram.com/p/C79eyBVNMHK/,0,C79eyBVNMHK
https://www.instagram.com/p/C76-PnNtNnS/,0,C76-PnNtNnS
https://www.instagram.com/p/C7rxib7trsM/,0,C7rxib7trsM
https://www.instagram.com/p/C7ow3nBtPOb/,0,C7ow3nBtPOb
https://www.instagram.com/p/C7mgEjiNNbo/,0,C7mgEjiNNbo
https://www.instagram.com/p/C7kCvWYNq_C/,0,C7kCvWYNq_C
https://www.instagram.com/p/C7cMDt4NEgL/,0,C7cMDt4NEgL
https://www.instagram.com/p/C7W9Y7eNLam/,0,C7W9Y7eNLam
https://www.instagram.com/p/C7UZDfTt5-S/,0,C7UZDfTt5-S
https://www.instagram.com/p/C7SB5GyNr3I/,0,C7SB5GyNr3I
https://www.instagram.com/p/C7KXUFir7PI/,0,C7KXUFir7PI
https://www.instagram.com/p/C7H49YpLgPc/,0,C7H49YpLgPc
https://www.instagram.com/p/C7HioK4tWA-/,0,C7HioK4tWA-
https://www.instagram.com/p/C7E7zpJOJMI/,0,C7E7zpJOJMI
https://www.instagram.com/p/C7EzIQ9u8wi/,0,C7EzIQ9u8wi
https://www.instagram.com/p/C7CY85tN5GR/,0,C7CY85tN5GR
https://www.instagram.com/p/C7CSDLqtiiW/,0,C7CSDLqtiiW
https://www.instagram.com/p/C6_0cH6tMp2/,0,C6_0cH6tMp2
https://www.instagram.com/p/C6_rV4cttSG/,0,C6_rV4cttSG
https://www.instagram.com/p/C64S8OHLE5o/,0,C64S8OHLE5o
https://www.instagram.com/p/C64NVQwr_9W/,0,C64NVQwr_9W
https://www.instagram.com/p/C61aisHNziA/,0,C61aisHNziA
https://www.instagram.com/p/C6y1IItt1Tt/,0,C6y1IItt1Tt
https://www.instagram.com/p/C6ytVzxNPTv/,0,C6ytVzxNPTv
https://www.instagram.com/p/C6wPFedtkck/,0,C6wPFedtkck
https://www.instagram.com/p/C6g6oHLNk5O/,0,C6g6oHLNk5O
https://www.instagram.com/p/C6gzg_otj5M/,0,C6gzg_otj5M
https://www.instagram.com/p/C6ejjxJrZwn/,0,C6ejjxJrZwn
https://www.instagram.com/p/C6eQ_-Dtd72/,0,C6eQ_-Dtd72
https://www.instagram.com/p/C6bvddzNCBM/,0,C6bvddzNCBM
https://www.instagram.com/p/C6Y8S7ir448/,0,C6Y8S7ir448
https://www.instagram.com/p/C6UEbZ1rARC/,0,C6UEbZ1rARC
https://www.instagram.com/p/C6Rr6BRrVcs/,0,C6Rr6BRrVcs
https://www.instagram.com/p/C6MllR4KiSZ/,0,C6MllR4KiSZ
https://www.instagram.com/p/C6MLPG1Kh33/,0,C6MLPG1Kh33
https://www.instagram.com/p/DDiQ1ATtIHu/,0,DDiQ1ATtIHu
https://www.instagram.com/p/DDZs2NHIF4_/,1,DDZs2NHIF4_
https://www.instagram.com/p/DDQB15xI__0/,1,DDQB15xI__0
https://www.instagram.com/p/C_svI5Rosig/,1,C_svI5Rosig
https://www.instagram.com/p/C_oNq0UoA6r/,1,C_oNq0UoA6r
https://www.instagram.com/p/C_SUAIyIs8r/,1,C_SUAIyIs8r
https://www.instagram.com/p/C-n0lacIZJi/,1,C-n0lacIZJi
https://www.instagram.com/p/C-mjxZcIJC2/,1,C-mjxZcIJC2
https://www.instagram.com/p/C-i3_wtIrdY/,1,C-i3_wtIrdY
https://www.instagram.com/p/C-ha7emIvl9/,1,C-ha7emIvl9
https://www.instagram.com/p/C-ejhVtogIo/,1,C-ejhVtogIo
https://www.instagram.com/p/C-dmI5hIcPr/,1,C-dmI5hIcPr
https://www.instagram.com/p/C-cFpAfoAvl/,1,C-cFpAfoAvl
https://www.instagram.com/p/C-Zn0vHI57b/,1,C-Zn0vHI57b
https://www.instagram.com/p/C-YYlHTI39s/,1,C-YYlHTI39s
https://www.instagram.com/p/C-UnPtBIga5/,1,C-UnPtBIga5
https://www.instagram.com/p/C-QuHoQo-LX/,1,C-QuHoQo-LX
https://www.instagram.com/p/C-LidNhoC-a/,1,C-LidNhoC-a
https://www.instagram.com/p/C-GUsxAoaXI/,1,C-GUsxAoaXI
https://www.instagram.com/p/C-D2NOroSuf/,1,C-D2NOroSuf
https://www.instagram.com/p/C-CVWt3I5Zx/,1,C-CVWt3I5Zx
https://www.instagram.com/p/C96nZIGIb_v/,1,C96nZIGIb_v
https://www.instagram.com/p/C91RWM6ILZX/,1,C91RWM6ILZX
https://www.instagram.com/p/C9yycYYokXq/,1,C9yycYYokXq
https://www.instagram.com/p/C9tyrT4oIB9/,1,C9tyrT4oIB9
https://www.instagram.com/p/C9sj9BwIw2T/,1,C9sj9BwIw2T
https://www.instagram.com/p/C9osgvSogM0/,1,C9osgvSogM0
https://www.instagram.com/p/C9nYa0gINEG/,1,C9nYa0gINEG
https://www.instagram.com/p/C9mNSBzor7n/,1,C9mNSBzor7n
https://www.instagram.com/p/C9mBSzEoRXx/,1,C9mBSzEoRXx
https://www.instagram.com/p/C9k-0nhIExv/,1,C9k-0nhIExv
https://www.instagram.com/p/C9fBEghow4H/,1,C9fBEghow4H
https://www.instagram.com/p/C9eqs_YoolE/,1,C9eqs_YoolE
https://www.instagram.com/p/C85GCUMokvh/,1,C85GCUMokvh
https://www.instagram.com/p/C8u7sZvIWx2/,1,C8u7sZvIWx2
https://www.instagram.com/p/C8uP_pgoxa1/,1,C8uP_pgoxa1
https://www.instagram.com/p/C8sCfonIBM9/,1,C8sCfonIBM9
https://www.instagram.com/p/C8q1xE_INpZ/,1,C8q1xE_INpZ
https://www.instagram.com/p/C8pSIaLo_dd/,1,C8pSIaLo_dd
https://www.instagram.com/p/C8mi5__owme/,1,C8mi5__owme
https://www.instagram.com/p/C8kImWYoW58/,1,C8kImWYoW58
https://www.instagram.com/p/C8gn1b9ohgC/,1,C8gn1b9ohgC
https://www.instagram.com/p/C8cT2jAotA4/,1,C8cT2jAotA4
https://www.instagram.com/p/C8aJqvyocWh/,1,C8aJqvyocWh
https://www.instagram.com/p/C8Xv_hyoqzl/,1,C8Xv_hyoqzl
https://www.instagram.com/p/C8U_JJ8IU16/,1,C8U_JJ8IU16
https://www.instagram.com/p/C8ShOaDInaq/,1,C8ShOaDInaq
https://www.instagram.com/p/C8P-FNSIVSj/,1,C8P-FNSIVSj
https://www.instagram.com/p/C8Pgtr_oY_G/,1,C8Pgtr_oY_G
https://www.instagram.com/p/C8NROtJIImc/,1,C8NROtJIImc
https://www.instagram.com/p/C8MzrfLIwlB/,1,C8MzrfLIwlB
https://www.instagram.com/p/C8KRXOJI8do/,1,C8KRXOJI8do
https://www.instagram.com/p/C7_vJUTILOZ/,1,C7_vJUTILOZ
https://www.instagram.com/p/C79aQd9Iapu/,1,C79aQd9Iapu
https://www.instagram.com/p/C74zGeuI95m/,1,C74zGeuI95m
https://www.instagram.com/p/C7183-3I18I/,1,C7183-3I18I
https://www.instagram.com/p/C7zG_14otSI/,1,C7zG_14otSI
https://www.instagram.com/p/C7uYB6Vonzq/,1,C7uYB6Vonzq
https://www.instagram.com/p/C7tk8-wITSl/,1,C7tk8-wITSl
https://www.instagram.com/p/C7rIqf8oErb/,1,C7rIqf8oErb
https://www.instagram.com/p/C7opJ6qoGDg/,1,C7opJ6qoGDg
https://www.instagram.com/p/C7mCaQhI8JG/,1,C7mCaQhI8JG
https://www.instagram.com/p/C7hkuT5otZB/,1,C7hkuT5otZB
https://www.instagram.com/p/C7efjV9oYAH/,1,C7efjV9oYAH
https://www.instagram.com/p/C7Z9gL2oI9T/,1,C7Z9gL2oI9T
https://www.instagram.com/p/C7ZIMYPozhb/,1,C7ZIMYPozhb
https://www.instagram.com/p/C7Ywj6soi7q/,1,C7Ywj6soi7q
https://www.instagram.com/p/C7XZWa2opJC/,1,C7XZWa2opJC
https://www.instagram.com/p/C7Wq8GIoPgt/,1,C7Wq8GIoPgt
https://www.instagram.com/p/C7UEsmqoYGg/,1,C7UEsmqoYGg
https://www.instagram.com/p/C7MK4Q7ojNz/,1,C7MK4Q7ojNz
https://www.instagram.com/p/C7KbO3zomjY/,1,C7KbO3zomjY
https://www.instagram.com/p/C7I-Mq6Kx4Y/,1,C7I-Mq6Kx4Y
https://www.instagram.com/p/C7H2Nixr1fv/,1,C7H2Nixr1fv
https://www.instagram.com/p/C7Hibh1qP5Y/,1,C7Hibh1qP5Y
https://www.instagram.com/p/C7GuWNyK306/,1,C7GuWNyK306
https://www.instagram.com/p/C7Cd6ZMKYIe/,1,C7Cd6ZMKYIe
https://www.instagram.com/p/C7B4uwvqjOj/,1,C7B4uwvqjOj
https://www.instagram.com/p/C7AHKWkLp4W/,1,C7AHKWkLp4W
https://www.instagram.com/p/C6_zx5xKYD2/,1,C6_zx5xKYD2
https://www.instagram.com/p/C6-gjLWKqC4/,1,C6-gjLWKqC4
https://www.instagram.com/p/C6-gjLWKqC4/,1,C6-gjLWKqC4
https://www.instagram.com/p/C631FjdqT8p/,1,C631FjdqT8p
https://www.instagram.com/p/C6va3TfKAQi/,1,C6va3TfKAQi
https://www.instagram.com/p/C6sxk9dqXmO/,1,C6sxk9dqXmO
https://www.instagram.com/p/C6rQAH2Kx4v/,1,C6rQAH2Kx4v
https://www.instagram.com/p/C6mY3vfL-zs/,1,C6mY3vfL-zs
https://www.instagram.com/p/C6jrDuSqaF1/,1,C6jrDuSqaF1
https://www.instagram.com/p/C6PMJfhLu1I/,1,C6PMJfhLu1I
https://www.instagram.com/p/C6OwAmLqY3i/,1,C6OwAmLqY3i
https://www.instagram.com/p/C6Lz6LkKy7K/,1,C6Lz6LkKy7K
https://www.instagram.com/p/C6LBrF2qlll/,1,C6LBrF2qlll
https://www.instagram.com/p/C6JhOjfskVs/,1,C6JhOjfskVs
https://www.instagram.com/p/C5_JUI2o5kt/,1,C5_JUI2o5kt
https://www.instagram.com/p/C58sD0AI4SN/,1,C58sD0AI4SN
https://www.instagram.com/p/C5vCqOFoQ8I/,1,C5vCqOFoQ8I
https://www.instagram.com/p/C5tBt-0IEEy/,1,C5tBt-0IEEy
https://www.instagram.com/p/C9cvKKRqgPH/,1,C9cvKKRqgPH
https://www.instagram.com/p/C7Y9fNYqnQm/,1,C7Y9fNYqnQm
https://www.instagram.com/p/C7NAAuyK3gU/,1,C7NAAuyK3gU
https://www.instagram.com/p/C7JsZwtqf0U/,1,C7JsZwtqf0U
https://www.instagram.com/p/C7HDRJSqMaW/,1,C7HDRJSqMaW
https://www.instagram.com/p/C4OKRbgq0bY/,1,C4OKRbgq0bY
https://www.instagram.com/p/C38O9akqyUg/,1,C38O9akqyUg
https://www.instagram.com/p/C35vamjOdzT/,1,C35vamjOdzT
https://www.instagram.com/p/C33MPqXtKJy/,1,C33MPqXtKJy
https://www.instagram.com/p/C30pwz_MlSV/,1,C30pwz_MlSV
https://www.instagram.com/p/C3yJNDZsGLH/,1,C3yJNDZsGLH
https://www.instagram.com/p/C3vQLsnsxCg/,1,C3vQLsnsxCg
https://www.instagram.com/p/C3tEaGdOJlP/,1,C3tEaGdOJlP
https://www.instagram.com/p/C3qDHVsPkML/,1,C3qDHVsPkML
https://www.instagram.com/p/C3TGEPZP03F/,1,C3TGEPZP03F
https://www.instagram.com/p/C3LYDzprMlf/,1,C3LYDzprMlf
https://www.instagram.com/p/C3ImdyROtUJ/,1,C3ImdyROtUJ
https://www.instagram.com/p/C3GN2ocvI_l/,1,C3GN2ocvI_l
https://www.instagram.com/p/C27ynRqPbnJ/,1,C27ynRqPbnJ
https://www.instagram.com/p/C20DPvzu4OX/,1,C20DPvzu4OX
https://www.instagram.com/p/C2siNajNBO7/,1,C2siNajNBO7
https://www.instagram.com/p/C2kohhOpL-G/,1,C2kohhOpL-G
https://www.instagram.com/p/C-ffA4hO5VT/,1,C-ffA4hO5VT
https://www.instagram.com/p/C-WRfY2PEi-/,1,C-WRfY2PEi-
https://www.instagram.com/p/C9zaTc2Is-o/,1,C9zaTc2Is-o
https://www.instagram.com/p/C8osQgNI6CH/,1,C8osQgNI6CH
https://www.instagram.com/p/DE2p1_9TojI/,1,DE2p1_9TojI
https://www.instagram.com/p/C8aJqvyocWh/,1,C8aJqvyocWh
